{
  "B": { "NV": 0.143695, "NA": 0.201159, "SU": 0.210940, "SV": 0.209046, "RS": 0.121961, "RN": 0.113199 },
  "D": { "NV": 0.086783, "NA": 0.103354, "SU": 0.150575, "SV": 0.311591, "RS": 0.181478, "RN": 0.166219 },
  "F": { "NV": 0.131399, "NA": 0.098337, "SU": 0.150509, "SV": 0.236231, "RS": 0.207670, "RN": 0.175854 },
  "N": { "NV": 0.068118, "NA": 0.075935, "SU": 0.092686, "SV": 0.222781, "RS": 0.281407, "RN": 0.259073 },
  "S": { "NV": 0.080672, "NA": 0.108312, "SU": 0.133604, "SV": 0.270130, "RS": 0.204517, "RN": 0.202765 },
  "T": { "NV": 0.068211, "NA": 0.098136, "SU": 0.172276, "SV": 0.303925, "RS": 0.188377, "RN": 0.169075 },
  "V": { "NV": 0.095259, "NA": 0.165852, "SU": 0.094389, "SV": 0.205329, "RS": 0.202606, "RN": 0.236565 },
  "I": { "NV": 0.032800, "NA": 0.043632, "SU": 0.117437, "SV": 0.305285, "RS": 0.256170, "RN": 0.244676 },
  "O": { "NV": 0.043420, "NA": 0.051039, "SU": 0.102153, "SV": 0.327539, "RS": 0.227532, "RN": 0.248317 },
  "P": { "NV": 0.064030, "NA": 0.080338, "SU": 0.126963, "SV": 0.263451, "RS": 0.220499, "RN": 0.244719 },
  "A": { "NV": 0.046935, "NA": 0.076675, "SU": 0.097240, "SV": 0.354138, "RS": 0.212741, "RN": 0.212271 },
  "G": { "NV": 0.063765, "NA": 0.090742, "SU": 0.215205, "SV": 0.283568, "RS": 0.176272, "RN": 0.170448 },
  "J": { "NV": 0.382979, "NA": 0.151410, "SU": 0.203859, "SV": 0.093023, "RS": 0.079664, "RN": 0.089065 },
  "L": { "NV": 0.053886, "NA": 0.067196, "SU": 0.092529, "SV": 0.266423, "RS": 0.220052, "RN": 0.299914 },
  "C": { "NV": 0.052542, "NA": 0.074585, "SU": 0.099799, "SV": 0.345093, "RS": 0.223452, "RN": 0.204529 }
}